{
    "0": {
        "precision": 1.0,
        "recall": 1.0,
        "f1-score": 1.0,
        "support": 60
    },
    "1": {
        "precision": 0.9986091794158554,
        "recall": 0.9972222222222222,
        "f1-score": 0.9979152189020153,
        "support": 720
    },
    "2": {
        "precision": 0.9920212765957447,
        "recall": 0.9946666666666667,
        "f1-score": 0.9933422103861518,
        "support": 750
    },
    "3": {
        "precision": 0.9662162162162162,
        "recall": 0.9533333333333334,
        "f1-score": 0.9597315436241611,
        "support": 450
    },
    "4": {
        "precision": 0.9969742813918305,
        "recall": 0.9984848484848485,
        "f1-score": 0.9977289931869796,
        "support": 660
    },
    "5": {
        "precision": 0.9293233082706767,
        "recall": 0.9809523809523809,
        "f1-score": 0.9544401544401544,
        "support": 630
    },
    "6": {
        "precision": 1.0,
        "recall": 0.8133333333333334,
        "f1-score": 0.8970588235294117,
        "support": 150
    },
    "7": {
        "precision": 0.985781990521327,
        "recall": 0.9244444444444444,
        "f1-score": 0.9541284403669724,
        "support": 450
    },
    "8": {
        "precision": 0.9290187891440501,
        "recall": 0.9888888888888889,
        "f1-score": 0.9580193756727663,
        "support": 450
    },
    "9": {
        "precision": 0.967741935483871,
        "recall": 1.0,
        "f1-score": 0.9836065573770492,
        "support": 480
    },
    "10": {
        "precision": 0.9969742813918305,
        "recall": 0.9984848484848485,
        "f1-score": 0.9977289931869796,
        "support": 660
    },
    "11": {
        "precision": 0.9479638009049773,
        "recall": 0.9976190476190476,
        "f1-score": 0.9721577726218097,
        "support": 420
    },
    "12": {
        "precision": 0.9942363112391931,
        "recall": 1.0,
        "f1-score": 0.9971098265895955,
        "support": 690
    },
    "13": {
        "precision": 1.0,
        "recall": 0.9958333333333333,
        "f1-score": 0.9979123173277662,
        "support": 720
    },
    "14": {
        "precision": 0.996309963099631,
        "recall": 1.0,
        "f1-score": 0.9981515711645101,
        "support": 270
    },
    "15": {
        "precision": 0.9767441860465116,
        "recall": 1.0,
        "f1-score": 0.988235294117647,
        "support": 210
    },
    "16": {
        "precision": 0.9933774834437086,
        "recall": 1.0,
        "f1-score": 0.9966777408637874,
        "support": 150
    },
    "17": {
        "precision": 0.997229916897507,
        "recall": 1.0,
        "f1-score": 0.9986130374479889,
        "support": 360
    },
    "18": {
        "precision": 1.0,
        "recall": 0.941025641025641,
        "f1-score": 0.9696169088507266,
        "support": 390
    },
    "19": {
        "precision": 1.0,
        "recall": 1.0,
        "f1-score": 1.0,
        "support": 60
    },
    "20": {
        "precision": 0.9375,
        "recall": 1.0,
        "f1-score": 0.967741935483871,
        "support": 90
    },
    "21": {
        "precision": 0.9888888888888889,
        "recall": 0.9888888888888889,
        "f1-score": 0.9888888888888889,
        "support": 90
    },
    "22": {
        "precision": 0.9834710743801653,
        "recall": 0.9916666666666667,
        "f1-score": 0.9875518672199171,
        "support": 120
    },
    "23": {
        "precision": 0.9801324503311258,
        "recall": 0.9866666666666667,
        "f1-score": 0.983388704318937,
        "support": 150
    },
    "24": {
        "precision": 1.0,
        "recall": 0.9888888888888889,
        "f1-score": 0.9944134078212291,
        "support": 90
    },
    "25": {
        "precision": 0.9713114754098361,
        "recall": 0.9875,
        "f1-score": 0.9793388429752066,
        "support": 480
    },
    "26": {
        "precision": 0.9230769230769231,
        "recall": 0.9333333333333333,
        "f1-score": 0.9281767955801106,
        "support": 180
    },
    "27": {
        "precision": 1.0,
        "recall": 0.7,
        "f1-score": 0.8235294117647058,
        "support": 60
    },
    "28": {
        "precision": 1.0,
        "recall": 1.0,
        "f1-score": 1.0,
        "support": 150
    },
    "29": {
        "precision": 1.0,
        "recall": 1.0,
        "f1-score": 1.0,
        "support": 90
    },
    "30": {
        "precision": 1.0,
        "recall": 0.9,
        "f1-score": 0.9473684210526316,
        "support": 150
    },
    "31": {
        "precision": 0.9676258992805755,
        "recall": 0.9962962962962963,
        "f1-score": 0.9817518248175183,
        "support": 270
    },
    "32": {
        "precision": 1.0,
        "recall": 1.0,
        "f1-score": 1.0,
        "support": 60
    },
    "33": {
        "precision": 0.995260663507109,
        "recall": 1.0,
        "f1-score": 0.997624703087886,
        "support": 210
    },
    "34": {
        "precision": 1.0,
        "recall": 0.9916666666666667,
        "f1-score": 0.99581589958159,
        "support": 120
    },
    "35": {
        "precision": 0.994750656167979,
        "recall": 0.9717948717948718,
        "f1-score": 0.9831387808041504,
        "support": 390
    },
    "36": {
        "precision": 0.9917355371900827,
        "recall": 1.0,
        "f1-score": 0.995850622406639,
        "support": 120
    },
    "37": {
        "precision": 0.9833333333333333,
        "recall": 0.9833333333333333,
        "f1-score": 0.9833333333333333,
        "support": 60
    },
    "38": {
        "precision": 0.9885222381635581,
        "recall": 0.9985507246376811,
        "f1-score": 0.9935111751982697,
        "support": 690
    },
    "39": {
        "precision": 0.9888888888888889,
        "recall": 0.9888888888888889,
        "f1-score": 0.9888888888888889,
        "support": 90
    },
    "40": {
        "precision": 1.0,
        "recall": 0.9222222222222223,
        "f1-score": 0.9595375722543353,
        "support": 90
    },
    "41": {
        "precision": 0.8,
        "recall": 0.7333333333333333,
        "f1-score": 0.7652173913043478,
        "support": 60
    },
    "42": {
        "precision": 0.9529411764705882,
        "recall": 0.9,
        "f1-score": 0.9257142857142857,
        "support": 90
    },
    "43": {
        "precision": 1.0,
        "recall": 0.9928571428571429,
        "f1-score": 0.996415770609319,
        "support": 140
    },
    "44": {
        "precision": 0.9902912621359223,
        "recall": 0.9902912621359223,
        "f1-score": 0.9902912621359223,
        "support": 103
    },
    "45": {
        "precision": 1.0,
        "recall": 1.0,
        "f1-score": 1.0,
        "support": 114
    },
    "46": {
        "precision": 1.0,
        "recall": 0.9956521739130435,
        "f1-score": 0.9978213507625272,
        "support": 230
    },
    "47": {
        "precision": 1.0,
        "recall": 0.9818181818181818,
        "f1-score": 0.9908256880733944,
        "support": 55
    },
    "accuracy": 0.9816907775768535,
    "macro avg": {
        "precision": 0.9813802789018314,
        "recall": 0.9689153860652295,
        "f1-score": 0.9741314917444662,
        "support": 13272
    },
    "weighted avg": {
        "precision": 0.9821149672879774,
        "recall": 0.9816907775768535,
        "f1-score": 0.9814430614665757,
        "support": 13272
    }
}