{
    "0": {
        "precision": 1.0,
        "recall": 1.0,
        "f1-score": 1.0,
        "support": 60
    },
    "1": {
        "precision": 0.9944674965421854,
        "recall": 0.9986111111111111,
        "f1-score": 0.9965349965349966,
        "support": 720
    },
    "2": {
        "precision": 0.9973262032085561,
        "recall": 0.9946666666666667,
        "f1-score": 0.9959946595460616,
        "support": 750
    },
    "3": {
        "precision": 0.9750566893424036,
        "recall": 0.9555555555555556,
        "f1-score": 0.9652076318742986,
        "support": 450
    },
    "4": {
        "precision": 0.9954476479514416,
        "recall": 0.9939393939393939,
        "f1-score": 0.9946929492039424,
        "support": 660
    },
    "5": {
        "precision": 0.9370314842578711,
        "recall": 0.9920634920634921,
        "f1-score": 0.9637625289128758,
        "support": 630
    },
    "6": {
        "precision": 0.9920634920634921,
        "recall": 0.8333333333333334,
        "f1-score": 0.9057971014492753,
        "support": 150
    },
    "7": {
        "precision": 0.9820627802690582,
        "recall": 0.9733333333333334,
        "f1-score": 0.9776785714285715,
        "support": 450
    },
    "8": {
        "precision": 0.9696969696969697,
        "recall": 0.9955555555555555,
        "f1-score": 0.9824561403508771,
        "support": 450
    },
    "9": {
        "precision": 0.975609756097561,
        "recall": 1.0,
        "f1-score": 0.9876543209876543,
        "support": 480
    },
    "10": {
        "precision": 0.9939577039274925,
        "recall": 0.996969696969697,
        "f1-score": 0.9954614220877459,
        "support": 660
    },
    "11": {
        "precision": 0.9587155963302753,
        "recall": 0.9952380952380953,
        "f1-score": 0.9766355140186916,
        "support": 420
    },
    "12": {
        "precision": 0.9956709956709957,
        "recall": 1.0,
        "f1-score": 0.9978308026030369,
        "support": 690
    },
    "13": {
        "precision": 1.0,
        "recall": 0.9958333333333333,
        "f1-score": 0.9979123173277662,
        "support": 720
    },
    "14": {
        "precision": 0.996309963099631,
        "recall": 1.0,
        "f1-score": 0.9981515711645101,
        "support": 270
    },
    "15": {
        "precision": 0.9813084112149533,
        "recall": 1.0,
        "f1-score": 0.9905660377358491,
        "support": 210
    },
    "16": {
        "precision": 1.0,
        "recall": 1.0,
        "f1-score": 1.0,
        "support": 150
    },
    "17": {
        "precision": 1.0,
        "recall": 0.9944444444444445,
        "f1-score": 0.9972144846796658,
        "support": 360
    },
    "18": {
        "precision": 0.9946524064171123,
        "recall": 0.9538461538461539,
        "f1-score": 0.9738219895287957,
        "support": 390
    },
    "19": {
        "precision": 0.967741935483871,
        "recall": 1.0,
        "f1-score": 0.9836065573770492,
        "support": 60
    },
    "20": {
        "precision": 0.989010989010989,
        "recall": 1.0,
        "f1-score": 0.994475138121547,
        "support": 90
    },
    "21": {
        "precision": 0.9888888888888889,
        "recall": 0.9888888888888889,
        "f1-score": 0.9888888888888889,
        "support": 90
    },
    "22": {
        "precision": 0.9915966386554622,
        "recall": 0.9833333333333333,
        "f1-score": 0.9874476987447698,
        "support": 120
    },
    "23": {
        "precision": 0.9866666666666667,
        "recall": 0.9866666666666667,
        "f1-score": 0.9866666666666668,
        "support": 150
    },
    "24": {
        "precision": 0.9886363636363636,
        "recall": 0.9666666666666667,
        "f1-score": 0.9775280898876404,
        "support": 90
    },
    "25": {
        "precision": 0.9917184265010351,
        "recall": 0.9979166666666667,
        "f1-score": 0.9948078920041536,
        "support": 480
    },
    "26": {
        "precision": 0.9606741573033708,
        "recall": 0.95,
        "f1-score": 0.9553072625698323,
        "support": 180
    },
    "27": {
        "precision": 0.9019607843137255,
        "recall": 0.7666666666666667,
        "f1-score": 0.8288288288288289,
        "support": 60
    },
    "28": {
        "precision": 0.9868421052631579,
        "recall": 1.0,
        "f1-score": 0.9933774834437086,
        "support": 150
    },
    "29": {
        "precision": 0.9375,
        "recall": 1.0,
        "f1-score": 0.967741935483871,
        "support": 90
    },
    "30": {
        "precision": 1.0,
        "recall": 0.9133333333333333,
        "f1-score": 0.9547038327526133,
        "support": 150
    },
    "31": {
        "precision": 0.9782608695652174,
        "recall": 1.0,
        "f1-score": 0.989010989010989,
        "support": 270
    },
    "32": {
        "precision": 0.9836065573770492,
        "recall": 1.0,
        "f1-score": 0.9917355371900827,
        "support": 60
    },
    "33": {
        "precision": 0.995260663507109,
        "recall": 1.0,
        "f1-score": 0.997624703087886,
        "support": 210
    },
    "34": {
        "precision": 1.0,
        "recall": 1.0,
        "f1-score": 1.0,
        "support": 120
    },
    "35": {
        "precision": 0.9922077922077922,
        "recall": 0.9794871794871794,
        "f1-score": 0.9858064516129033,
        "support": 390
    },
    "36": {
        "precision": 0.9917355371900827,
        "recall": 1.0,
        "f1-score": 0.995850622406639,
        "support": 120
    },
    "37": {
        "precision": 1.0,
        "recall": 0.9666666666666667,
        "f1-score": 0.983050847457627,
        "support": 60
    },
    "38": {
        "precision": 0.9899425287356322,
        "recall": 0.9985507246376811,
        "f1-score": 0.9942279942279941,
        "support": 690
    },
    "39": {
        "precision": 0.9887640449438202,
        "recall": 0.9777777777777777,
        "f1-score": 0.9832402234636872,
        "support": 90
    },
    "40": {
        "precision": 0.9629629629629629,
        "recall": 0.8666666666666667,
        "f1-score": 0.912280701754386,
        "support": 90
    },
    "41": {
        "precision": 0.98,
        "recall": 0.8166666666666667,
        "f1-score": 0.890909090909091,
        "support": 60
    },
    "42": {
        "precision": 0.9887640449438202,
        "recall": 0.9777777777777777,
        "f1-score": 0.9832402234636872,
        "support": 90
    },
    "43": {
        "precision": 1.0,
        "recall": 0.9928571428571429,
        "f1-score": 0.996415770609319,
        "support": 140
    },
    "44": {
        "precision": 1.0,
        "recall": 1.0,
        "f1-score": 1.0,
        "support": 103
    },
    "45": {
        "precision": 1.0,
        "recall": 1.0,
        "f1-score": 1.0,
        "support": 114
    },
    "46": {
        "precision": 0.9956331877729258,
        "recall": 0.991304347826087,
        "f1-score": 0.9934640522875816,
        "support": 230
    },
    "47": {
        "precision": 1.0,
        "recall": 0.9818181818181818,
        "f1-score": 0.9908256880733944,
        "support": 55
    },
    "accuracy": 0.9859101868595539,
    "macro avg": {
        "precision": 0.984953182104582,
        "recall": 0.9745090733290462,
        "f1-score": 0.9791340877033218,
        "support": 13272
    },
    "weighted avg": {
        "precision": 0.9860846314178532,
        "recall": 0.9859101868595539,
        "f1-score": 0.9857253342257947,
        "support": 13272
    }
}