{
    "0": {
        "precision": 1.0,
        "recall": 1.0,
        "f1-score": 1.0,
        "support": 60
    },
    "1": {
        "precision": 0.9944674965421854,
        "recall": 0.9986111111111111,
        "f1-score": 0.9965349965349966,
        "support": 720
    },
    "2": {
        "precision": 0.9973297730307076,
        "recall": 0.996,
        "f1-score": 0.9966644429619747,
        "support": 750
    },
    "3": {
        "precision": 0.9753914988814317,
        "recall": 0.9688888888888889,
        "f1-score": 0.9721293199554069,
        "support": 450
    },
    "4": {
        "precision": 0.9909502262443439,
        "recall": 0.9954545454545455,
        "f1-score": 0.9931972789115646,
        "support": 660
    },
    "5": {
        "precision": 0.9470499243570348,
        "recall": 0.9936507936507937,
        "f1-score": 0.9697908597986059,
        "support": 630
    },
    "6": {
        "precision": 0.9920634920634921,
        "recall": 0.8333333333333334,
        "f1-score": 0.9057971014492753,
        "support": 150
    },
    "7": {
        "precision": 0.9932432432432432,
        "recall": 0.98,
        "f1-score": 0.9865771812080537,
        "support": 450
    },
    "8": {
        "precision": 0.9759825327510917,
        "recall": 0.9933333333333333,
        "f1-score": 0.9845814977973568,
        "support": 450
    },
    "9": {
        "precision": 0.9795918367346939,
        "recall": 1.0,
        "f1-score": 0.9896907216494846,
        "support": 480
    },
    "10": {
        "precision": 0.996969696969697,
        "recall": 0.996969696969697,
        "f1-score": 0.996969696969697,
        "support": 660
    },
    "11": {
        "precision": 0.9766355140186916,
        "recall": 0.9952380952380953,
        "f1-score": 0.9858490566037736,
        "support": 420
    },
    "12": {
        "precision": 0.9985507246376811,
        "recall": 0.9985507246376811,
        "f1-score": 0.9985507246376811,
        "support": 690
    },
    "13": {
        "precision": 1.0,
        "recall": 0.9944444444444445,
        "f1-score": 0.9972144846796658,
        "support": 720
    },
    "14": {
        "precision": 1.0,
        "recall": 1.0,
        "f1-score": 1.0,
        "support": 270
    },
    "15": {
        "precision": 0.9859154929577465,
        "recall": 1.0,
        "f1-score": 0.9929078014184397,
        "support": 210
    },
    "16": {
        "precision": 1.0,
        "recall": 1.0,
        "f1-score": 1.0,
        "support": 150
    },
    "17": {
        "precision": 1.0,
        "recall": 0.9972222222222222,
        "f1-score": 0.9986091794158554,
        "support": 360
    },
    "18": {
        "precision": 0.9973118279569892,
        "recall": 0.9512820512820512,
        "f1-score": 0.973753280839895,
        "support": 390
    },
    "19": {
        "precision": 1.0,
        "recall": 1.0,
        "f1-score": 1.0,
        "support": 60
    },
    "20": {
        "precision": 0.9574468085106383,
        "recall": 1.0,
        "f1-score": 0.9782608695652174,
        "support": 90
    },
    "21": {
        "precision": 0.989010989010989,
        "recall": 1.0,
        "f1-score": 0.994475138121547,
        "support": 90
    },
    "22": {
        "precision": 0.9834710743801653,
        "recall": 0.9916666666666667,
        "f1-score": 0.9875518672199171,
        "support": 120
    },
    "23": {
        "precision": 0.9867549668874173,
        "recall": 0.9933333333333333,
        "f1-score": 0.9900332225913622,
        "support": 150
    },
    "24": {
        "precision": 1.0,
        "recall": 0.9777777777777777,
        "f1-score": 0.9887640449438202,
        "support": 90
    },
    "25": {
        "precision": 0.9794238683127572,
        "recall": 0.9916666666666667,
        "f1-score": 0.9855072463768116,
        "support": 480
    },
    "26": {
        "precision": 0.9715909090909091,
        "recall": 0.95,
        "f1-score": 0.9606741573033708,
        "support": 180
    },
    "27": {
        "precision": 0.9655172413793104,
        "recall": 0.9333333333333333,
        "f1-score": 0.9491525423728815,
        "support": 60
    },
    "28": {
        "precision": 0.9933774834437086,
        "recall": 1.0,
        "f1-score": 0.9966777408637874,
        "support": 150
    },
    "29": {
        "precision": 0.967741935483871,
        "recall": 1.0,
        "f1-score": 0.9836065573770492,
        "support": 90
    },
    "30": {
        "precision": 0.9927536231884058,
        "recall": 0.9133333333333333,
        "f1-score": 0.9513888888888888,
        "support": 150
    },
    "31": {
        "precision": 0.9572953736654805,
        "recall": 0.9962962962962963,
        "f1-score": 0.9764065335753176,
        "support": 270
    },
    "32": {
        "precision": 0.9836065573770492,
        "recall": 1.0,
        "f1-score": 0.9917355371900827,
        "support": 60
    },
    "33": {
        "precision": 0.9905660377358491,
        "recall": 1.0,
        "f1-score": 0.9952606635071091,
        "support": 210
    },
    "34": {
        "precision": 1.0,
        "recall": 1.0,
        "f1-score": 1.0,
        "support": 120
    },
    "35": {
        "precision": 0.9973958333333334,
        "recall": 0.982051282051282,
        "f1-score": 0.9896640826873385,
        "support": 390
    },
    "36": {
        "precision": 0.9917355371900827,
        "recall": 1.0,
        "f1-score": 0.995850622406639,
        "support": 120
    },
    "37": {
        "precision": 1.0,
        "recall": 0.9833333333333333,
        "f1-score": 0.9915966386554621,
        "support": 60
    },
    "38": {
        "precision": 0.998546511627907,
        "recall": 0.9956521739130435,
        "f1-score": 0.9970972423802612,
        "support": 690
    },
    "39": {
        "precision": 0.9887640449438202,
        "recall": 0.9777777777777777,
        "f1-score": 0.9832402234636872,
        "support": 90
    },
    "40": {
        "precision": 0.9545454545454546,
        "recall": 0.9333333333333333,
        "f1-score": 0.9438202247191012,
        "support": 90
    },
    "41": {
        "precision": 0.9272727272727272,
        "recall": 0.85,
        "f1-score": 0.8869565217391303,
        "support": 60
    },
    "42": {
        "precision": 0.9885057471264368,
        "recall": 0.9555555555555556,
        "f1-score": 0.9717514124293786,
        "support": 90
    },
    "43": {
        "precision": 1.0,
        "recall": 0.9928571428571429,
        "f1-score": 0.996415770609319,
        "support": 140
    },
    "44": {
        "precision": 1.0,
        "recall": 1.0,
        "f1-score": 1.0,
        "support": 103
    },
    "45": {
        "precision": 1.0,
        "recall": 1.0,
        "f1-score": 1.0,
        "support": 114
    },
    "46": {
        "precision": 0.9956521739130435,
        "recall": 0.9956521739130435,
        "f1-score": 0.9956521739130435,
        "support": 230
    },
    "47": {
        "precision": 1.0,
        "recall": 1.0,
        "f1-score": 1.0,
        "support": 55
    },
    "accuracy": 0.9879445449065702,
    "macro avg": {
        "precision": 0.9867172537251747,
        "recall": 0.9813874879314192,
        "f1-score": 0.9837574489110885,
        "support": 13272
    },
    "weighted avg": {
        "precision": 0.9881040869353558,
        "recall": 0.9879445449065702,
        "f1-score": 0.9878400755345168,
        "support": 13272
    }
}