{
    "0": {
        "precision": 1.0,
        "recall": 1.0,
        "f1-score": 1.0,
        "support": 60
    },
    "1": {
        "precision": 0.9958391123439667,
        "recall": 0.9972222222222222,
        "f1-score": 0.996530187369882,
        "support": 720
    },
    "2": {
        "precision": 0.990728476821192,
        "recall": 0.9973333333333333,
        "f1-score": 0.9940199335548173,
        "support": 750
    },
    "3": {
        "precision": 0.977116704805492,
        "recall": 0.9488888888888889,
        "f1-score": 0.9627959413754228,
        "support": 450
    },
    "4": {
        "precision": 0.9969650986342944,
        "recall": 0.9954545454545455,
        "f1-score": 0.9962092494313874,
        "support": 660
    },
    "5": {
        "precision": 0.9262048192771084,
        "recall": 0.9761904761904762,
        "f1-score": 0.9505409582689336,
        "support": 630
    },
    "6": {
        "precision": 1.0,
        "recall": 0.84,
        "f1-score": 0.9130434782608696,
        "support": 150
    },
    "7": {
        "precision": 0.9817767653758542,
        "recall": 0.9577777777777777,
        "f1-score": 0.9696287964004499,
        "support": 450
    },
    "8": {
        "precision": 0.9530916844349681,
        "recall": 0.9933333333333333,
        "f1-score": 0.9727965179542981,
        "support": 450
    },
    "9": {
        "precision": 0.9835728952772074,
        "recall": 0.9979166666666667,
        "f1-score": 0.9906928645294726,
        "support": 480
    },
    "10": {
        "precision": 0.9939577039274925,
        "recall": 0.996969696969697,
        "f1-score": 0.9954614220877459,
        "support": 660
    },
    "11": {
        "precision": 0.9292035398230089,
        "recall": 1.0,
        "f1-score": 0.9633027522935781,
        "support": 420
    },
    "12": {
        "precision": 0.9956204379562044,
        "recall": 0.9884057971014493,
        "f1-score": 0.992,
        "support": 690
    },
    "13": {
        "precision": 1.0,
        "recall": 0.9972222222222222,
        "f1-score": 0.9986091794158554,
        "support": 720
    },
    "14": {
        "precision": 0.992619926199262,
        "recall": 0.9962962962962963,
        "f1-score": 0.9944547134935305,
        "support": 270
    },
    "15": {
        "precision": 0.963302752293578,
        "recall": 1.0,
        "f1-score": 0.9813084112149533,
        "support": 210
    },
    "16": {
        "precision": 0.9615384615384616,
        "recall": 1.0,
        "f1-score": 0.9803921568627451,
        "support": 150
    },
    "17": {
        "precision": 0.9944444444444445,
        "recall": 0.9944444444444445,
        "f1-score": 0.9944444444444445,
        "support": 360
    },
    "18": {
        "precision": 0.9973118279569892,
        "recall": 0.9512820512820512,
        "f1-score": 0.973753280839895,
        "support": 390
    },
    "19": {
        "precision": 0.9836065573770492,
        "recall": 1.0,
        "f1-score": 0.9917355371900827,
        "support": 60
    },
    "20": {
        "precision": 0.8823529411764706,
        "recall": 1.0,
        "f1-score": 0.9375,
        "support": 90
    },
    "21": {
        "precision": 0.9213483146067416,
        "recall": 0.9111111111111111,
        "f1-score": 0.9162011173184358,
        "support": 90
    },
    "22": {
        "precision": 0.9752066115702479,
        "recall": 0.9833333333333333,
        "f1-score": 0.979253112033195,
        "support": 120
    },
    "23": {
        "precision": 0.9615384615384616,
        "recall": 1.0,
        "f1-score": 0.9803921568627451,
        "support": 150
    },
    "24": {
        "precision": 1.0,
        "recall": 0.9777777777777777,
        "f1-score": 0.9887640449438202,
        "support": 90
    },
    "25": {
        "precision": 0.9978354978354979,
        "recall": 0.9604166666666667,
        "f1-score": 0.978768577494692,
        "support": 480
    },
    "26": {
        "precision": 0.9344262295081968,
        "recall": 0.95,
        "f1-score": 0.9421487603305784,
        "support": 180
    },
    "27": {
        "precision": 0.9444444444444444,
        "recall": 0.5666666666666667,
        "f1-score": 0.7083333333333334,
        "support": 60
    },
    "28": {
        "precision": 0.9612903225806452,
        "recall": 0.9933333333333333,
        "f1-score": 0.9770491803278689,
        "support": 150
    },
    "29": {
        "precision": 1.0,
        "recall": 1.0,
        "f1-score": 1.0,
        "support": 90
    },
    "30": {
        "precision": 1.0,
        "recall": 0.9133333333333333,
        "f1-score": 0.9547038327526133,
        "support": 150
    },
    "31": {
        "precision": 0.989010989010989,
        "recall": 1.0,
        "f1-score": 0.994475138121547,
        "support": 270
    },
    "32": {
        "precision": 0.967741935483871,
        "recall": 1.0,
        "f1-score": 0.9836065573770492,
        "support": 60
    },
    "33": {
        "precision": 1.0,
        "recall": 1.0,
        "f1-score": 1.0,
        "support": 210
    },
    "34": {
        "precision": 1.0,
        "recall": 0.9916666666666667,
        "f1-score": 0.99581589958159,
        "support": 120
    },
    "35": {
        "precision": 1.0,
        "recall": 0.9846153846153847,
        "f1-score": 0.9922480620155039,
        "support": 390
    },
    "36": {
        "precision": 0.9915966386554622,
        "recall": 0.9833333333333333,
        "f1-score": 0.9874476987447698,
        "support": 120
    },
    "37": {
        "precision": 1.0,
        "recall": 1.0,
        "f1-score": 1.0,
        "support": 60
    },
    "38": {
        "precision": 0.9899135446685879,
        "recall": 0.9956521739130435,
        "f1-score": 0.9927745664739885,
        "support": 690
    },
    "39": {
        "precision": 1.0,
        "recall": 0.9888888888888889,
        "f1-score": 0.9944134078212291,
        "support": 90
    },
    "40": {
        "precision": 0.9767441860465116,
        "recall": 0.9333333333333333,
        "f1-score": 0.9545454545454545,
        "support": 90
    },
    "41": {
        "precision": 0.8524590163934426,
        "recall": 0.8666666666666667,
        "f1-score": 0.8595041322314049,
        "support": 60
    },
    "42": {
        "precision": 1.0,
        "recall": 0.9,
        "f1-score": 0.9473684210526316,
        "support": 90
    },
    "44": {
        "precision": 0.0,
        "recall": 0.0,
        "f1-score": 0.0,
        "support": 0
    },
    "accuracy": 0.9808392715756136,
    "macro avg": {
        "precision": 0.953700235045594,
        "recall": 0.9438378732232486,
        "f1-score": 0.9472053017807003,
        "support": 12630
    },
    "weighted avg": {
        "precision": 0.981441870982784,
        "recall": 0.9808392715756136,
        "f1-score": 0.9805990302320806,
        "support": 12630
    }
}